{
  "ROC AUC": 0.7993741762624862,
  "F1": 0.9548668885191348,
  "Precision": 0.9543375831485588,
  "Recall": 0.955396781354051
}