baseline,engineered
0.5327908186623382,0.8062005114038373
0.5519437911898832,0.8058807512592736
0.5448476077296094,0.804608951369151
