{
  "comp_df": {
    "Accuracy": {
      "LR": 0.7886966701352758,
      "XGB": 0.938865764828304,
      "NN": 0.9393860561914672,
      "BRF": 0.8386446409989594,
      "EEC": 0.7860952133194589,
      "TAB": 0.938605619146722
    },
    "F1": {
      "LR": 0.8756934613765925,
      "XGB": 0.9682475341170113,
      "NN": 0.9685347738014854,
      "BRF": 0.90825721998299,
      "EEC": 0.8738832010429848,
      "TAB": 0.9681511470985156
    },
    "Precision": {
      "LR": 0.9763672041634672,
      "XGB": 0.9436397155649195,
      "NN": 0.943435937911076,
      "BRF": 0.9725984002534253,
      "EEC": 0.9770213495670068,
      "TAB": 0.942459274829217
    },
    "Recall": {
      "LR": 0.7938401775804661,
      "XGB": 0.994173140954495,
      "NN": 0.9950055493895672,
      "BRF": 0.8519006659267481,
      "EEC": 0.7904411764705882,
      "TAB": 0.9952830188679244
    },
    "ROC AUC": {
      "LR": 0.8379107848917869,
      "XGB": 0.8423820537943951,
      "NN": 0.8413606915348686,
      "BRF": 0.8345963975212726,
      "EEC": 0.8378007364502407,
      "TAB": 0.840816880260359
    },
    "PR AUC": {
      "LR": 0.9846408208296322,
      "XGB": 0.984894943092915,
      "NN": 0.9849829983774324,
      "BRF": 0.9842339894608374,
      "EEC": 0.984735835161955,
      "TAB": 0.985064234257992
    }
  },
  "recommendation": {
    "recommended_model": "XGB",
    "reason": "Highest weighted score (ROC AUC primary, PR AUC + F1 secondary), ties broken by F1",
    "scores": {
      "Accuracy": 0.938865764828304,
      "F1": 0.9682475341170113,
      "Precision": 0.9436397155649195,
      "Recall": 0.994173140954495,
      "ROC AUC": 0.8423820537943951,
      "PR AUC": 0.984894943092915,
      "ROC AUC_norm": 1.0,
      "PR AUC_norm": 0.7960948798990325,
      "F1_norm": 0.9969652941192316,
      "Precision_norm": 0.03415422091000449,
      "Recall_norm": 0.9945817812394185,
      "final_score": 0.8586120348036528
    },
    "comp_table_path": "Visualizations/Results/model_comparison_metrics.csv"
  }
}