{
  "summary": {
    "LR": {
      "metrics": {
        "Accuracy": 0.7886966701352758,
        "F1": 0.8756934613765925,
        "Precision": 0.9763672041634672,
        "Recall": 0.7938401775804661,
        "ROC AUC": 0.8379107848917869,
        "PR AUC": 0.9846408208296322
      },
      "rows": 15376
    },
    "XGB": {
      "metrics": {
        "Accuracy": 0.9388657648283039,
        "F1": 0.9682475341170113,
        "Precision": 0.9436397155649197,
        "Recall": 0.994173140954495,
        "ROC AUC": 0.8423820537943951,
        "PR AUC": 0.984894943092915
      },
      "rows": 15376
    },
    "NN": {
      "metrics": {
        "Accuracy": 0.9396462018730489,
        "F1": 0.9686846190186947,
        "Precision": 0.9431594164804836,
        "Recall": 0.9956298557158713,
        "ROC AUC": 0.8405655680609507,
        "PR AUC": 0.9846752707728158
      },
      "rows": 15376
    },
    "BRF": {
      "metrics": {
        "Accuracy": 0.8386446409989594,
        "F1": 0.90825721998299,
        "Precision": 0.9725984002534253,
        "Recall": 0.8519006659267481,
        "ROC AUC": 0.8345963975212726,
        "PR AUC": 0.9842339894608374
      },
      "rows": 15376
    },
    "EEC": {
      "metrics": {
        "Accuracy": 0.7860952133194589,
        "F1": 0.8738832010429848,
        "Precision": 0.9770213495670068,
        "Recall": 0.7904411764705882,
        "ROC AUC": 0.8378007364502407,
        "PR AUC": 0.984735835161955
      },
      "rows": 15376
    },
    "TAB": {
      "metrics": {
        "Accuracy": 0.9386056191467221,
        "F1": 0.9681511470985156,
        "Precision": 0.942459274829217,
        "Recall": 0.9952830188679245,
        "ROC AUC": 0.840816880260359,
        "PR AUC": 0.985064234257992
      },
      "rows": 15376
    }
  },
  "ranking": [
    {
      "model": "XGB",
      "metrics": {
        "Accuracy": 0.9388657648283039,
        "F1": 0.9682475341170113,
        "Precision": 0.9436397155649197,
        "Recall": 0.994173140954495,
        "ROC AUC": 0.8423820537943951,
        "PR AUC": 0.984894943092915
      }
    },
    {
      "model": "TAB",
      "metrics": {
        "Accuracy": 0.9386056191467221,
        "F1": 0.9681511470985156,
        "Precision": 0.942459274829217,
        "Recall": 0.9952830188679245,
        "ROC AUC": 0.840816880260359,
        "PR AUC": 0.985064234257992
      }
    },
    {
      "model": "NN",
      "metrics": {
        "Accuracy": 0.9396462018730489,
        "F1": 0.9686846190186947,
        "Precision": 0.9431594164804836,
        "Recall": 0.9956298557158713,
        "ROC AUC": 0.8405655680609507,
        "PR AUC": 0.9846752707728158
      }
    },
    {
      "model": "LR",
      "metrics": {
        "Accuracy": 0.7886966701352758,
        "F1": 0.8756934613765925,
        "Precision": 0.9763672041634672,
        "Recall": 0.7938401775804661,
        "ROC AUC": 0.8379107848917869,
        "PR AUC": 0.9846408208296322
      }
    },
    {
      "model": "EEC",
      "metrics": {
        "Accuracy": 0.7860952133194589,
        "F1": 0.8738832010429848,
        "Precision": 0.9770213495670068,
        "Recall": 0.7904411764705882,
        "ROC AUC": 0.8378007364502407,
        "PR AUC": 0.984735835161955
      }
    },
    {
      "model": "BRF",
      "metrics": {
        "Accuracy": 0.8386446409989594,
        "F1": 0.90825721998299,
        "Precision": 0.9725984002534253,
        "Recall": 0.8519006659267481,
        "ROC AUC": 0.8345963975212726,
        "PR AUC": 0.9842339894608374
      }
    }
  ],
  "recommendation": {
    "selected_model": "XGB",
    "selected_metrics": {
      "Accuracy": 0.9388657648283039,
      "F1": 0.9682475341170113,
      "Precision": 0.9436397155649197,
      "Recall": 0.994173140954495,
      "ROC AUC": 0.8423820537943951,
      "PR AUC": 0.984894943092915
    },
    "notes": "Selected XGB by highest available ranking metric (ROC AUC/PR AUC/F1/Accuracy)."
  }
}