feature,importance
f6,0.0015999999999999793
f3,0.0006000000000000005
f0,0.0004999999999999894
f5,0.00029999999999994473
f4,9.999999999998899e-05
f8,9.999999999996679e-05
f9,0.0
f14,0.0
f13,0.0
f10,0.0
f12,0.0
f7,-2.2204460492503132e-17
f2,-2.2204460492503132e-17
f1,-0.0005000000000000337
f11,-0.001000000000000023
