,raw,clean
1,0.937409990858202,0.9375902392070656
0,0.06259000914179805,0.06240976079293435
